{
    "./screenshots/16448screenshot.pngadk": 1717997844.0353386,
    "./screenshots/16448screenshot.png": 1717997857.02659
}